id,monitoring_type,tool,use_case,setup_complexity,cost_tier,key_features,implementation_steps,alert_thresholds,best_practices
MP001,"Error Tracking","Sentry","Production error monitoring","medium","freemium","Stack traces, source maps, releases, performance","1. Install SDK 2. Configure DSN 3. Upload source maps 4. Set releases","Error rate >1%, unhandled exceptions","Tag errors with user context, use releases for tracking"
MP002,"Error Tracking","Bugsnag","Error monitoring with stability score","low","freemium","Stability score, breadcrumbs, sessions","1. Install SDK 2. Configure API key 3. Add breadcrumbs","Stability <95%, new error types","Use stability score as KPI"
MP003,"APM","Datadog","Full observability (metrics, traces, logs)","high","enterprise","APM, RUM, logs, dashboards, alerts","1. Install agent 2. Configure APM 3. Setup RUM 4. Create dashboards","P95 latency >500ms, error rate >1%","Correlate traces with logs, use unified tagging"
MP004,"APM","New Relic","Application performance monitoring","medium","enterprise","APM, browser monitoring, infrastructure","1. Install agent 2. Configure app 3. Setup browser monitoring","Apdex <0.8, response time >500ms","Use Apdex score, set up service maps"
MP005,"RUM","Vercel Analytics","Real user monitoring for Next.js","low","freemium","Web Vitals, page views, countries","1. Enable in vercel.json 2. Import in layout","LCP >4s, CLS >0.25","Combine with Speed Insights"
MP006,"RUM","Google Analytics 4","User behavior and engagement","low","free","Events, conversions, audiences","1. Create property 2. Install gtag 3. Configure events","Low engagement, high bounce rate","Use custom events, set up conversions"
MP007,"Web Vitals","web-vitals library","Core Web Vitals measurement","low","free","LCP, FID, INP, CLS, TTFB","1. Install package 2. Add to app 3. Send to analytics endpoint","LCP >4s, INP >500ms, CLS >0.25","Send to analytics, track by page"
MP008,"Performance","Lighthouse CI","Automated performance testing","medium","free","Lighthouse audits, assertions, CI integration","1. Install LHCI 2. Create config 3. Add to CI pipeline","Performance score <90, LCP >2.5s","Run on every PR, track over time"
MP009,"Performance","Chrome DevTools","Manual performance profiling","none","free","Performance profile, memory, coverage","1. Open DevTools 2. Record profile 3. Analyze","N/A - manual analysis","Profile user interactions, check coverage"
MP010,"Logging","LogRocket","Session replay + logs","medium","freemium","Session replay, console logs, network","1. Install SDK 2. Configure app ID 3. Set up sessions","Error rate, rage clicks","Use for debugging UX issues"
MP011,"Logging","Datadog Logs","Centralized logging","medium","enterprise","Log aggregation, search, alerts","1. Install logger 2. Configure transport 3. Set up indexes","Error logs >threshold, patterns","Use structured logging, set retention"
MP012,"Uptime","Pingdom","Uptime and response time monitoring","low","freemium","Uptime checks, response time, alerts","1. Add URL check 2. Configure interval 3. Set up alerts","Uptime <99.9%, response time >3s","Multi-region checks, SSL monitoring"
MP013,"Uptime","Better Uptime","Status page + monitoring","low","freemium","Uptime, status page, incident management","1. Add monitors 2. Create status page 3. Configure alerts","Downtime detected","Public status page for transparency"
MP014,"Bundle Size","Bundlewatch","Bundle size regression prevention","low","free","Bundle size tracking, PR checks","1. Install 2. Configure limits 3. Add to CI","Bundle size >threshold","Fail PRs on size increase"
MP015,"Bundle Size","Size Limit","Performance budget checker","low","free","Size limits, time limits, CI integration","1. Install 2. Configure limits 3. Add to CI","Size >limit, time >limit","Set strict budgets, track trends"
MP016,"Security","Snyk","Dependency vulnerability scanning","medium","freemium","Vuln scanning, fixes, monitoring","1. Install CLI 2. Run scan 3. Configure CI","Critical/high vulnerabilities","Fix immediately, monitor continuously"
MP017,"Security","OWASP ZAP","Security testing","medium","free","DAST, penetration testing, scanning","1. Install 2. Configure scan 3. Run automated tests","Security issues found","Run in CI, manual penetration tests"
MP018,"Accessibility","axe DevTools","Accessibility testing","low","freemium","Automated a11y testing, CI integration","1. Install extension 2. Run tests 3. Add to CI","WCAG violations","Test every page, automate in CI"
MP019,"SEO","Google Search Console","Search performance monitoring","low","free","Indexing, search traffic, issues","1. Verify site 2. Submit sitemap 3. Monitor issues","Indexing errors, traffic drops","Fix issues promptly, track keywords"
MP020,"SEO","Lighthouse SEO","SEO auditing","low","free","SEO score, recommendations","1. Run Lighthouse 2. Check SEO category 3. Fix issues","SEO score <90","Run on key pages, fix recommendations"
MP021,"Infrastructure","Grafana","Metrics visualization","medium","open source","Dashboards, alerts, data sources","1. Install Grafana 2. Add data sources 3. Create dashboards","Custom alerts per metric","Use for all metrics, create team dashboards"
MP022,"Infrastructure","Prometheus","Metrics collection","medium","open source","Time series DB, alerting rules","1. Install Prometheus 2. Configure exporters 3. Set up alerts","Custom alerts per metric","Use with Grafana, set up retention"
MP023,"Real-time","WebSocket monitoring","WebSocket connection health","medium","custom","Connection status, message rate","1. Add health checks 2. Log connections 3. Monitor reconnections","Connection drops, message latency","Track reconnections, message throughput"
MP024,"Database","Prisma Insights","Database query monitoring","low","freemium","Query analysis, slow queries","1. Enable in Prisma 2. View dashboard 3. Optimize queries","Slow queries >100ms","Use for query optimization"
MP025,"CDN","Cloudflare Analytics","CDN performance","low","free","Requests, bandwidth, cache hit rate","1. Enable analytics 2. View dashboard 3. Monitor cache","Cache hit rate <90%","Optimize cache rules, monitor bandwidth"
